﻿type, year, value
maxAQI,1980,223
nineyAQI,1980,154
medianAQI,1980,93
maxAQI,1981,200
ninetyAQI,1981,149
medianAQI,1981,100
maxAQI,1982,218
ninetyAQI,1982,156
medianAQI,1982,100
maxAQI,1983,227
ninetyAQI,1983,161
medianAQI,1983,107
maxAQI,1984,202
ninetyAQI,1984,146
medianAQI,1984,100
maxAQI,1985,210
ninetyAQI,1985,139
medianAQI,1985,105
maxAQI,1986,205
ninetyAQI,1986,140
medianAQI,1986,101
maxAQI,1987,236
ninetyAQI,1987,153
medianAQI,1987,89
maxAQI,1988,222
ninetyAQI,1988,161
medianAQI,1988,79
maxAQI,1989,205
ninetyAQI,1989,137
medianAQI,1989,75
maxAQI,1990,209
ninetyAQI,1990,139
medianAQI,1990,85
maxAQI,1991,219
ninetyAQI,1991,195
medianAQI,1991,122
maxAQI,1992,200
ninetyAQI,1992,126
medianAQI,1992,64
maxAQI,1993,197
ninetyAQI,1993,129
medianAQI,1993,67
maxAQI,1994,192
ninetyAQI,1994,123
medianAQI,1994,56
maxAQI,1995,216
ninetyAQI,1995,114
medianAQI,1995,49
maxAQI,1996,187
ninetyAQI,1996,122
medianAQI,1996,58
maxAQI,1997,200
ninetyAQI,1997,125
medianAQI,1997,56
maxAQI,1998,203
ninetyAQI,1998,119
medianAQI,1998,62
maxAQI,1999,209
ninetyAQI,1999,115
medianAQI,1999,71
maxAQI,2000,187
ninetyAQI,2000,113
medianAQI,2000,68
maxAQI,2001,200
ninetyAQI,2001,123
medianAQI,2001,70
maxAQI,2002,213
ninetyAQI,2002,131
medianAQI,2002,65
maxAQI,2003,197
ninetyAQI,2003,109
medianAQI,2003,64
maxAQI,2004,166
ninetyAQI,2004,111
medianAQI,2004,65
maxAQI,2005,208
ninetyAQI,2005,126
medianAQI,2005,60
maxAQI,2006,182
ninetyAQI,2006,104
medianAQI,2006,52
maxAQI,2007,187
ninetyAQI,2007,120
medianAQI,2007,61
maxAQI,2008,169
ninetyAQI,2008,101
medianAQI,2008,52
maxAQI,2009,133
ninetyAQI,2009,79,
medianAQI,2009,3
maxAQI,2010,172
ninetyAQI,2010,97,
medianAQI,2010,8
maxAQI,2011,179
ninetyAQI,2011,108
medianAQI,2011,57
maxAQI,2012,182
ninetyAQI,2012,100
medianAQI,2012,58
maxAQI,2013,116
ninetyAQI,2013,78,
medianAQI,2013,6
maxAQI,2014,143
ninetyAQI,2014,85,
medianAQI,2014,7
maxAQI,2015,151
ninetyAQI,2015,77,
medianAQI,2015,0
maxAQI,2016,140
ninetyAQI,2016,74,
medianAQI,2016,9
maxAQI,2017,129
ninetyAQI,2017,70,
medianAQI,2017,0
maxAQI,2018,159
ninetyAQI,2018,74,
medianAQI,2018,1
maxAQI,2019,119
ninetyAQI,2019,77,
medianAQI,2019,2
maxAQI,2020,126
ninetyAQI,2020,70,
medianAQI,2020,8
maxAQI,2021,140
ninetyAQI,2021,77,
medianAQI,2021,8
